{
  "nll": {
    "mean": 0.0014645004272460938,
    "median": 0.000820159912109375
  },
  "rouge_l": {
    "mean": 0.9815023474178404,
    "median": 1.0
  },
  "token_f1": {
    "mean": 0.9815962441314554,
    "median": 1.0
  },
  "num_segments": 50
}