{
  "nll": {
    "mean": 0.002288126574896778,
    "median": 0.00081634521484375
  },
  "rouge_l": {
    "mean": 0.9910540803108808,
    "median": 1.0
  },
  "token_f1": {
    "mean": 0.9916207901554405,
    "median": 1.0
  },
  "num_segments": 193
}