{
  "nll": {
    "mean": 0.13682396794847873,
    "median": 0.01239013671875
  },
  "rouge_l": {
    "mean": 0.8531631980178436,
    "median": 1.0
  },
  "token_f1": {
    "mean": 0.8612710223352797,
    "median": 1.0
  },
  "num_segments": 193
}