{
  "nll": {
    "mean": 0.0011425018310546875,
    "median": 0.0011425018310546875
  },
  "rouge_l": {
    "mean": 0.7125844215740162,
    "median": 0.7125844215740162
  },
  "token_f1": {
    "mean": 0.7125844215740162,
    "median": 0.7125844215740162
  },
  "num_segments": 2
}