{
  "nll": {
    "mean": 0.04779606161957578,
    "median": 0.01251220703125
  },
  "rouge_l": {
    "mean": 0.8222683261700098,
    "median": 1.0
  },
  "token_f1": {
    "mean": 0.8272688587396521,
    "median": 1.0
  },
  "num_segments": 193
}