{
  "nll": {
    "mean": 0.043548583984375,
    "median": 0.043548583984375
  },
  "rouge_l": {
    "mean": 0.629454837221938,
    "median": 0.629454837221938
  },
  "token_f1": {
    "mean": 0.6392347883221825,
    "median": 0.6392347883221825
  },
  "num_segments": 2
}