{
  "nll": {
    "mean": 0.1450006103515625,
    "median": 0.0477294921875
  },
  "rouge_l": {
    "mean": 0.37826648552597847,
    "median": 0.1151455798711816
  },
  "token_f1": {
    "mean": 0.3952570636058585,
    "median": 0.1548299319727891
  },
  "num_segments": 50
}