{
  "nll": {
    "mean": 0.05901397599114312,
    "median": 0.012481689453125
  },
  "rouge_l": {
    "mean": 0.6869929743653524,
    "median": 1.0
  },
  "token_f1": {
    "mean": 0.7011602764094095,
    "median": 1.0
  },
  "num_segments": 36
}