{
  "nll": {
    "mean": 0.01182159423828125,
    "median": 0.0064849853515625
  },
  "rouge_l": {
    "mean": 0.7983158202470281,
    "median": 1.0
  },
  "token_f1": {
    "mean": 0.8023938678089786,
    "median": 1.0
  },
  "num_segments": 50
}