{
  "nll": {
    "mean": 0.072870363225591,
    "median": 0.053466796875
  },
  "rouge_l": {
    "mean": 0.45015509727596714,
    "median": 0.14025974025974025
  },
  "token_f1": {
    "mean": 0.4661222297766742,
    "median": 0.19220779220779222
  },
  "num_segments": 193
}